{"cameraMode":{"drawMode":0,"name":"Shaded","section":"Shading Mode"},"sceneLighting":true,"audioPlay":false,"sceneViewState":{"m_AlwaysRefresh":false,"showFog":true,"showSkybox":true,"showFlares":true,"showImageEffects":true,"showParticleSystems":true,"showVisualEffectGraphs":true,"m_FxEnabled":true},"in2DMode":false,"pivot":{"x":2.1526668071746828,"y":11.1841402053833,"z":-25.781728744506837},"rotation":{"x":-0.19112612307071687,"y":0.005624101962894201,"z":-0.0010843588970601559,"w":-0.9815626740455627},"size":1.397435188293457,"orthographic":false}